iter	RMSE
0	0.9247094169
1	0.9044455697
2	0.8875125692
3	0.8731219868
4	0.86083256
5	0.8497446366
6	0.8408229509
7	0.8325285065
